{
  "/home/ammar/devops/CRUD_RTK/backend": {
    "versionSfCore": null,
    "versionFramework": "4.4.13",
    "isWithinCompose": false,
    "isCompose": false,
    "composeOrgName": null,
    "composeResolverProviders": {
      "default-aws-credential-resolver": "<REDACTED>",
      "sls": {
        "instance": {
          "credentials": "<REDACTED>",
          "serviceConfigFile": {
            "service": "nodejs-serverless-app",
            "provider": {
              "name": "aws",
              "runtime": "nodejs18.x",
              "region": "us-east-1",
              "stage": "dev",
              "versionFunctions": true,
              "compiledCloudFormationTemplate": {
                "AWSTemplateFormatVersion": "2010-09-09",
                "Description": "The AWS CloudFormation template for this Serverless application",
                "Resources": {
                  "AppLogGroup": {
                    "Type": "AWS::Logs::LogGroup",
                    "Properties": {
                      "LogGroupName": "/aws/lambda/nodejs-serverless-app-dev-app"
                    }
                  },
                  "IamRoleLambdaExecution": {
                    "Type": "AWS::IAM::Role",
                    "Properties": {
                      "AssumeRolePolicyDocument": {
                        "Version": "2012-10-17",
                        "Statement": [
                          {
                            "Effect": "Allow",
                            "Principal": {
                              "Service": [
                                "lambda.amazonaws.com"
                              ]
                            },
                            "Action": [
                              "sts:AssumeRole"
                            ]
                          }
                        ]
                      },
                      "Policies": [
                        {
                          "PolicyName": {
                            "Fn::Join": [
                              "-",
                              [
                                "nodejs-serverless-app",
                                "dev",
                                "lambda"
                              ]
                            ]
                          },
                          "PolicyDocument": {
                            "Version": "2012-10-17",
                            "Statement": [
                              {
                                "Effect": "Allow",
                                "Action": [
                                  "logs:CreateLogStream",
                                  "logs:CreateLogGroup",
                                  "logs:TagResource"
                                ],
                                "Resource": [
                                  {
                                    "Fn::Sub": "arn:${AWS::Partition}:logs:${AWS::Region}:${AWS::AccountId}:log-group:/aws/lambda/nodejs-serverless-app-dev*:*"
                                  }
                                ]
                              },
                              {
                                "Effect": "Allow",
                                "Action": [
                                  "logs:PutLogEvents"
                                ],
                                "Resource": [
                                  {
                                    "Fn::Sub": "arn:${AWS::Partition}:logs:${AWS::Region}:${AWS::AccountId}:log-group:/aws/lambda/nodejs-serverless-app-dev*:*:*"
                                  }
                                ]
                              }
                            ]
                          }
                        }
                      ],
                      "Path": "/",
                      "RoleName": {
                        "Fn::Join": [
                          "-",
                          [
                            "nodejs-serverless-app",
                            "dev",
                            {
                              "Ref": "AWS::Region"
                            },
                            "lambdaRole"
                          ]
                        ]
                      }
                    }
                  },
                  "AppLambdaFunction": {
                    "Type": "AWS::Lambda::Function",
                    "Properties": {
                      "Code": {
                        "S3Bucket": "serverless-framework-deployments-us-east-1-aab6887b-7d21",
                        "S3Key": "serverless/nodejs-serverless-app/dev/1732961733398-2024-11-30T10:15:33.398Z/nodejs-serverless-app.zip"
                      },
                      "Handler": "index.handler",
                      "Runtime": "nodejs18.x",
                      "FunctionName": "nodejs-serverless-app-dev-app",
                      "MemorySize": 1024,
                      "Timeout": 30,
                      "Role": {
                        "Fn::GetAtt": [
                          "IamRoleLambdaExecution",
                          "Arn"
                        ]
                      }
                    },
                    "DependsOn": [
                      "AppLogGroup"
                    ]
                  },
                  "AppLambdaVersioniw2DAN6JTBqjou9sa9P2Fi8cIJIP7v8Rcf0Or03FZg8": {
                    "Type": "AWS::Lambda::Version",
                    "DeletionPolicy": "Retain",
                    "Properties": {
                      "FunctionName": {
                        "Ref": "AppLambdaFunction"
                      },
                      "CodeSha256": "89YU+8OiEenIh6Q2fDIqFc1z7z7zZVG9XGZzIYwI3wQ="
                    }
                  },
                  "ApiGatewayRestApi": {
                    "Type": "AWS::ApiGateway::RestApi",
                    "Properties": {
                      "Name": "dev-nodejs-serverless-app",
                      "EndpointConfiguration": {
                        "Types": [
                          "EDGE"
                        ]
                      },
                      "Policy": ""
                    }
                  },
                  "ApiGatewayResourceProxyVar": {
                    "Type": "AWS::ApiGateway::Resource",
                    "Properties": {
                      "ParentId": {
                        "Fn::GetAtt": [
                          "ApiGatewayRestApi",
                          "RootResourceId"
                        ]
                      },
                      "PathPart": "{proxy+}",
                      "RestApiId": {
                        "Ref": "ApiGatewayRestApi"
                      }
                    }
                  },
                  "ApiGatewayMethodProxyVarOptions": {
                    "Type": "AWS::ApiGateway::Method",
                    "Properties": {
                      "AuthorizationType": "NONE",
                      "HttpMethod": "OPTIONS",
                      "MethodResponses": [
                        {
                          "StatusCode": "200",
                          "ResponseParameters": {
                            "method.response.header.Access-Control-Allow-Origin": true,
                            "method.response.header.Access-Control-Allow-Headers": true,
                            "method.response.header.Access-Control-Allow-Methods": true
                          },
                          "ResponseModels": {}
                        }
                      ],
                      "RequestParameters": {},
                      "Integration": {
                        "Type": "MOCK",
                        "RequestTemplates": {
                          "application/json": "{statusCode:200}"
                        },
                        "ContentHandling": "CONVERT_TO_TEXT",
                        "IntegrationResponses": [
                          {
                            "StatusCode": "200",
                            "ResponseParameters": {
                              "method.response.header.Access-Control-Allow-Origin": "'*'",
                              "method.response.header.Access-Control-Allow-Headers": "'Content-Type,X-Amz-Date,Authorization,X-Api-Key,X-Amz-Security-Token,X-Amz-User-Agent,X-Amzn-Trace-Id'",
                              "method.response.header.Access-Control-Allow-Methods": "'OPTIONS,DELETE,GET,HEAD,PATCH,POST,PUT'"
                            },
                            "ResponseTemplates": {
                              "application/json": ""
                            }
                          }
                        ]
                      },
                      "ResourceId": {
                        "Ref": "ApiGatewayResourceProxyVar"
                      },
                      "RestApiId": {
                        "Ref": "ApiGatewayRestApi"
                      }
                    }
                  },
                  "ApiGatewayMethodProxyVarAny": {
                    "Type": "AWS::ApiGateway::Method",
                    "Properties": {
                      "HttpMethod": "ANY",
                      "RequestParameters": {},
                      "ResourceId": {
                        "Ref": "ApiGatewayResourceProxyVar"
                      },
                      "RestApiId": {
                        "Ref": "ApiGatewayRestApi"
                      },
                      "ApiKeyRequired": "<REDACTED>",
                      "AuthorizationType": "NONE",
                      "Integration": {
                        "IntegrationHttpMethod": "POST",
                        "Type": "AWS_PROXY",
                        "Uri": {
                          "Fn::Join": [
                            "",
                            [
                              "arn:",
                              {
                                "Ref": "AWS::Partition"
                              },
                              ":apigateway:",
                              {
                                "Ref": "AWS::Region"
                              },
                              ":lambda:path/2015-03-31/functions/",
                              {
                                "Fn::GetAtt": [
                                  "AppLambdaFunction",
                                  "Arn"
                                ]
                              },
                              "/invocations"
                            ]
                          ]
                        }
                      },
                      "MethodResponses": []
                    },
                    "DependsOn": [
                      "AppLambdaPermissionApiGateway"
                    ]
                  },
                  "ApiGatewayDeployment1732961722296": {
                    "Type": "AWS::ApiGateway::Deployment",
                    "Properties": {
                      "RestApiId": {
                        "Ref": "ApiGatewayRestApi"
                      },
                      "StageName": "dev"
                    },
                    "DependsOn": [
                      "ApiGatewayMethodProxyVarOptions",
                      "ApiGatewayMethodProxyVarAny"
                    ]
                  },
                  "AppLambdaPermissionApiGateway": {
                    "Type": "AWS::Lambda::Permission",
                    "Properties": {
                      "FunctionName": {
                        "Fn::GetAtt": [
                          "AppLambdaFunction",
                          "Arn"
                        ]
                      },
                      "Action": "lambda:InvokeFunction",
                      "Principal": "apigateway.amazonaws.com",
                      "SourceArn": {
                        "Fn::Join": [
                          "",
                          [
                            "arn:",
                            {
                              "Ref": "AWS::Partition"
                            },
                            ":execute-api:",
                            {
                              "Ref": "AWS::Region"
                            },
                            ":",
                            {
                              "Ref": "AWS::AccountId"
                            },
                            ":",
                            {
                              "Ref": "ApiGatewayRestApi"
                            },
                            "/*/*"
                          ]
                        ]
                      }
                    }
                  }
                },
                "Outputs": {
                  "ServerlessDeploymentBucketName": {
                    "Value": "serverless-framework-deployments-us-east-1-aab6887b-7d21",
                    "Export": {
                      "Name": "sls-nodejs-serverless-app-dev-ServerlessDeploymentBucketName"
                    }
                  },
                  "AppLambdaFunctionQualifiedArn": {
                    "Description": "Current Lambda function version",
                    "Value": {
                      "Ref": "AppLambdaVersioniw2DAN6JTBqjou9sa9P2Fi8cIJIP7v8Rcf0Or03FZg8"
                    },
                    "Export": {
                      "Name": "sls-nodejs-serverless-app-dev-AppLambdaFunctionQualifiedArn"
                    }
                  },
                  "ServiceEndpoint": {
                    "Description": "URL of the service endpoint",
                    "Value": {
                      "Fn::Join": [
                        "",
                        [
                          "https://",
                          {
                            "Ref": "ApiGatewayRestApi"
                          },
                          ".execute-api.",
                          {
                            "Ref": "AWS::Region"
                          },
                          ".",
                          {
                            "Ref": "AWS::URLSuffix"
                          },
                          "/dev"
                        ]
                      ]
                    },
                    "Export": {
                      "Name": "sls-nodejs-serverless-app-dev-ServiceEndpoint"
                    }
                  }
                }
              },
              "vpc": {}
            },
            "functions": {
              "app": {
                "handler": "index.handler",
                "timeout": 30,
                "events": [
                  {
                    "http": {
                      "path": "{proxy+}",
                      "method": "any",
                      "cors": {
                        "origin": "*",
                        "methods": [
                          "OPTIONS",
                          "ANY"
                        ],
                        "headers": [
                          "Content-Type",
                          "X-Amz-Date",
                          "Authorization",
                          "X-Api-Key",
                          "X-Amz-Security-Token",
                          "X-Amz-User-Agent",
                          "X-Amzn-Trace-Id"
                        ],
                        "allowCredentials": "<REDACTED>"
                      },
                      "integration": "AWS_PROXY"
                    }
                  }
                ],
                "name": "nodejs-serverless-app-dev-app",
                "package": {},
                "memory": 1024,
                "runtime": "nodejs18.x",
                "vpc": {},
                "versionLogicalId": "AppLambdaVersioniw2DAN6JTBqjou9sa9P2Fi8cIJIP7v8Rcf0Or03FZg8"
              }
            },
            "plugins": [
              "serverless-offline"
            ],
            "package": {
              "exclude": [
                "node_modules/**",
                ".gitignore",
                ".git/**"
              ],
              "artifactsS3KeyDirname": "serverless/nodejs-serverless-app/dev/code-artifacts",
              "deploymentBucket": "serverless-framework-deployments-us-east-1-aab6887b-7d21",
              "artifact": "/home/ammar/devops/CRUD_RTK/backend/.serverless/nodejs-serverless-app.zip",
              "artifactDirectoryName": "serverless/nodejs-serverless-app/dev/1732961733398-2024-11-30T10:15:33.398Z"
            },
            "custom": {
              "serverless-offline": {
                "httpPort": 4000
              }
            }
          },
          "configFileDirPath": "/home/ammar/devops/CRUD_RTK/backend",
          "config": {
            "type": "sls"
          },
          "options": {},
          "stage": "dev",
          "dashboard": null,
          "logger": {
            "namespace": "s:core:resolver:sls",
            "prefix": null,
            "prefixColor": null
          },
          "_credentialsPromise": "<REDACTED>"
        },
        "resolvers": {}
      }
    },
    "composeServiceName": null,
    "servicePath": "/home/ammar/devops/CRUD_RTK/backend",
    "serviceConfigFileName": "serverless.yaml",
    "service": {
      "service": "nodejs-serverless-app",
      "provider": {
        "name": "aws",
        "runtime": "nodejs18.x",
        "region": "us-east-1",
        "stage": "dev",
        "versionFunctions": true,
        "compiledCloudFormationTemplate": {
          "AWSTemplateFormatVersion": "2010-09-09",
          "Description": "The AWS CloudFormation template for this Serverless application",
          "Resources": {
            "AppLogGroup": {
              "Type": "AWS::Logs::LogGroup",
              "Properties": {
                "LogGroupName": "/aws/lambda/nodejs-serverless-app-dev-app"
              }
            },
            "IamRoleLambdaExecution": {
              "Type": "AWS::IAM::Role",
              "Properties": {
                "AssumeRolePolicyDocument": {
                  "Version": "2012-10-17",
                  "Statement": [
                    {
                      "Effect": "Allow",
                      "Principal": {
                        "Service": [
                          "lambda.amazonaws.com"
                        ]
                      },
                      "Action": [
                        "sts:AssumeRole"
                      ]
                    }
                  ]
                },
                "Policies": [
                  {
                    "PolicyName": {
                      "Fn::Join": [
                        "-",
                        [
                          "nodejs-serverless-app",
                          "dev",
                          "lambda"
                        ]
                      ]
                    },
                    "PolicyDocument": {
                      "Version": "2012-10-17",
                      "Statement": [
                        {
                          "Effect": "Allow",
                          "Action": [
                            "logs:CreateLogStream",
                            "logs:CreateLogGroup",
                            "logs:TagResource"
                          ],
                          "Resource": [
                            {
                              "Fn::Sub": "arn:${AWS::Partition}:logs:${AWS::Region}:${AWS::AccountId}:log-group:/aws/lambda/nodejs-serverless-app-dev*:*"
                            }
                          ]
                        },
                        {
                          "Effect": "Allow",
                          "Action": [
                            "logs:PutLogEvents"
                          ],
                          "Resource": [
                            {
                              "Fn::Sub": "arn:${AWS::Partition}:logs:${AWS::Region}:${AWS::AccountId}:log-group:/aws/lambda/nodejs-serverless-app-dev*:*:*"
                            }
                          ]
                        }
                      ]
                    }
                  }
                ],
                "Path": "/",
                "RoleName": {
                  "Fn::Join": [
                    "-",
                    [
                      "nodejs-serverless-app",
                      "dev",
                      {
                        "Ref": "AWS::Region"
                      },
                      "lambdaRole"
                    ]
                  ]
                }
              }
            },
            "AppLambdaFunction": {
              "Type": "AWS::Lambda::Function",
              "Properties": {
                "Code": {
                  "S3Bucket": "serverless-framework-deployments-us-east-1-aab6887b-7d21",
                  "S3Key": "serverless/nodejs-serverless-app/dev/1732961733398-2024-11-30T10:15:33.398Z/nodejs-serverless-app.zip"
                },
                "Handler": "index.handler",
                "Runtime": "nodejs18.x",
                "FunctionName": "nodejs-serverless-app-dev-app",
                "MemorySize": 1024,
                "Timeout": 30,
                "Role": {
                  "Fn::GetAtt": [
                    "IamRoleLambdaExecution",
                    "Arn"
                  ]
                }
              },
              "DependsOn": [
                "AppLogGroup"
              ]
            },
            "AppLambdaVersioniw2DAN6JTBqjou9sa9P2Fi8cIJIP7v8Rcf0Or03FZg8": {
              "Type": "AWS::Lambda::Version",
              "DeletionPolicy": "Retain",
              "Properties": {
                "FunctionName": {
                  "Ref": "AppLambdaFunction"
                },
                "CodeSha256": "89YU+8OiEenIh6Q2fDIqFc1z7z7zZVG9XGZzIYwI3wQ="
              }
            },
            "ApiGatewayRestApi": {
              "Type": "AWS::ApiGateway::RestApi",
              "Properties": {
                "Name": "dev-nodejs-serverless-app",
                "EndpointConfiguration": {
                  "Types": [
                    "EDGE"
                  ]
                },
                "Policy": ""
              }
            },
            "ApiGatewayResourceProxyVar": {
              "Type": "AWS::ApiGateway::Resource",
              "Properties": {
                "ParentId": {
                  "Fn::GetAtt": [
                    "ApiGatewayRestApi",
                    "RootResourceId"
                  ]
                },
                "PathPart": "{proxy+}",
                "RestApiId": {
                  "Ref": "ApiGatewayRestApi"
                }
              }
            },
            "ApiGatewayMethodProxyVarOptions": {
              "Type": "AWS::ApiGateway::Method",
              "Properties": {
                "AuthorizationType": "NONE",
                "HttpMethod": "OPTIONS",
                "MethodResponses": [
                  {
                    "StatusCode": "200",
                    "ResponseParameters": {
                      "method.response.header.Access-Control-Allow-Origin": true,
                      "method.response.header.Access-Control-Allow-Headers": true,
                      "method.response.header.Access-Control-Allow-Methods": true
                    },
                    "ResponseModels": {}
                  }
                ],
                "RequestParameters": {},
                "Integration": {
                  "Type": "MOCK",
                  "RequestTemplates": {
                    "application/json": "{statusCode:200}"
                  },
                  "ContentHandling": "CONVERT_TO_TEXT",
                  "IntegrationResponses": [
                    {
                      "StatusCode": "200",
                      "ResponseParameters": {
                        "method.response.header.Access-Control-Allow-Origin": "'*'",
                        "method.response.header.Access-Control-Allow-Headers": "'Content-Type,X-Amz-Date,Authorization,X-Api-Key,X-Amz-Security-Token,X-Amz-User-Agent,X-Amzn-Trace-Id'",
                        "method.response.header.Access-Control-Allow-Methods": "'OPTIONS,DELETE,GET,HEAD,PATCH,POST,PUT'"
                      },
                      "ResponseTemplates": {
                        "application/json": ""
                      }
                    }
                  ]
                },
                "ResourceId": {
                  "Ref": "ApiGatewayResourceProxyVar"
                },
                "RestApiId": {
                  "Ref": "ApiGatewayRestApi"
                }
              }
            },
            "ApiGatewayMethodProxyVarAny": {
              "Type": "AWS::ApiGateway::Method",
              "Properties": {
                "HttpMethod": "ANY",
                "RequestParameters": {},
                "ResourceId": {
                  "Ref": "ApiGatewayResourceProxyVar"
                },
                "RestApiId": {
                  "Ref": "ApiGatewayRestApi"
                },
                "ApiKeyRequired": "<REDACTED>",
                "AuthorizationType": "NONE",
                "Integration": {
                  "IntegrationHttpMethod": "POST",
                  "Type": "AWS_PROXY",
                  "Uri": {
                    "Fn::Join": [
                      "",
                      [
                        "arn:",
                        {
                          "Ref": "AWS::Partition"
                        },
                        ":apigateway:",
                        {
                          "Ref": "AWS::Region"
                        },
                        ":lambda:path/2015-03-31/functions/",
                        {
                          "Fn::GetAtt": [
                            "AppLambdaFunction",
                            "Arn"
                          ]
                        },
                        "/invocations"
                      ]
                    ]
                  }
                },
                "MethodResponses": []
              },
              "DependsOn": [
                "AppLambdaPermissionApiGateway"
              ]
            },
            "ApiGatewayDeployment1732961722296": {
              "Type": "AWS::ApiGateway::Deployment",
              "Properties": {
                "RestApiId": {
                  "Ref": "ApiGatewayRestApi"
                },
                "StageName": "dev"
              },
              "DependsOn": [
                "ApiGatewayMethodProxyVarOptions",
                "ApiGatewayMethodProxyVarAny"
              ]
            },
            "AppLambdaPermissionApiGateway": {
              "Type": "AWS::Lambda::Permission",
              "Properties": {
                "FunctionName": {
                  "Fn::GetAtt": [
                    "AppLambdaFunction",
                    "Arn"
                  ]
                },
                "Action": "lambda:InvokeFunction",
                "Principal": "apigateway.amazonaws.com",
                "SourceArn": {
                  "Fn::Join": [
                    "",
                    [
                      "arn:",
                      {
                        "Ref": "AWS::Partition"
                      },
                      ":execute-api:",
                      {
                        "Ref": "AWS::Region"
                      },
                      ":",
                      {
                        "Ref": "AWS::AccountId"
                      },
                      ":",
                      {
                        "Ref": "ApiGatewayRestApi"
                      },
                      "/*/*"
                    ]
                  ]
                }
              }
            }
          },
          "Outputs": {
            "ServerlessDeploymentBucketName": {
              "Value": "serverless-framework-deployments-us-east-1-aab6887b-7d21",
              "Export": {
                "Name": "sls-nodejs-serverless-app-dev-ServerlessDeploymentBucketName"
              }
            },
            "AppLambdaFunctionQualifiedArn": {
              "Description": "Current Lambda function version",
              "Value": {
                "Ref": "AppLambdaVersioniw2DAN6JTBqjou9sa9P2Fi8cIJIP7v8Rcf0Or03FZg8"
              },
              "Export": {
                "Name": "sls-nodejs-serverless-app-dev-AppLambdaFunctionQualifiedArn"
              }
            },
            "ServiceEndpoint": {
              "Description": "URL of the service endpoint",
              "Value": {
                "Fn::Join": [
                  "",
                  [
                    "https://",
                    {
                      "Ref": "ApiGatewayRestApi"
                    },
                    ".execute-api.",
                    {
                      "Ref": "AWS::Region"
                    },
                    ".",
                    {
                      "Ref": "AWS::URLSuffix"
                    },
                    "/dev"
                  ]
                ]
              },
              "Export": {
                "Name": "sls-nodejs-serverless-app-dev-ServiceEndpoint"
              }
            }
          }
        },
        "vpc": {}
      },
      "functions": {
        "app": {
          "handler": "index.handler",
          "timeout": 30,
          "events": [
            {
              "http": {
                "path": "{proxy+}",
                "method": "any",
                "cors": {
                  "origin": "*",
                  "methods": [
                    "OPTIONS",
                    "ANY"
                  ],
                  "headers": [
                    "Content-Type",
                    "X-Amz-Date",
                    "Authorization",
                    "X-Api-Key",
                    "X-Amz-Security-Token",
                    "X-Amz-User-Agent",
                    "X-Amzn-Trace-Id"
                  ],
                  "allowCredentials": "<REDACTED>"
                },
                "integration": "AWS_PROXY"
              }
            }
          ],
          "name": "nodejs-serverless-app-dev-app",
          "package": {},
          "memory": 1024,
          "runtime": "nodejs18.x",
          "vpc": {},
          "versionLogicalId": "AppLambdaVersioniw2DAN6JTBqjou9sa9P2Fi8cIJIP7v8Rcf0Or03FZg8"
        }
      },
      "plugins": [
        "serverless-offline"
      ],
      "package": {
        "exclude": [
          "node_modules/**",
          ".gitignore",
          ".git/**"
        ],
        "artifactsS3KeyDirname": "serverless/nodejs-serverless-app/dev/code-artifacts",
        "deploymentBucket": "serverless-framework-deployments-us-east-1-aab6887b-7d21",
        "artifact": "/home/ammar/devops/CRUD_RTK/backend/.serverless/nodejs-serverless-app.zip",
        "artifactDirectoryName": "serverless/nodejs-serverless-app/dev/1732961733398-2024-11-30T10:15:33.398Z"
      },
      "custom": {
        "serverless-offline": {
          "httpPort": 4000
        }
      }
    },
    "serviceRawFile": "service: nodejs-serverless-app\n\nprovider:\n  name: aws\n  runtime: nodejs18.x\n  region: us-east-1 # Specify your desired AWS region\n\nfunctions:\n  app:\n    handler: index.handler # Ensure the entry point matches your module export\n    timeout: 30\n    events:\n      - http:\n          path: /{proxy+} # Catch-all for routing all API Gateway requests to your Express app\n          method: ANY\n          cors: true # Enable CORS\n\nplugins:\n  - serverless-offline # Optional, for local development\n\npackage:\n  exclude:\n    - node_modules/**\n    - .gitignore\n    - .git/**\n\ncustom:\n  serverless-offline:\n    httpPort: 4000 # Optional, for local development port\n\n",
    "command": [
      "deploy"
    ],
    "options": {},
    "error": null,
    "params": {},
    "machineId": "b5ba0f8f27cf34eca58e5a612d4dd2ab",
    "stage": "dev",
    "accessKeyV2": "<REDACTED>",
    "accessKeyV1": "<REDACTED>",
    "orgId": "7f58f3f0-01a3-42b4-8a94-9a0d6ae5591f",
    "orgName": "speecto",
    "userId": "YP7scg0B3yMm8SVnTk",
    "dashboard": {
      "isEnabledForService": false,
      "requiredAuthentication": false,
      "orgFeaturesInUse": null,
      "orgObservabilityIntegrations": null,
      "serviceAppId": null,
      "serviceProvider": null,
      "instanceParameters": null
    },
    "userName": "speecto",
    "subscription": null,
    "userEmail": "ammarqadri280@gmail.com",
    "serviceProviderAwsRegion": "us-east-1",
    "serviceProviderAwsCredentials": "<REDACTED>",
    "serviceProviderAwsAccountId": "677538000670",
    "projectType": "traditional",
    "versionSf": "4.4.13",
    "serviceProviderAwsCfStackName": "nodejs-serverless-app-dev",
    "integrations": {},
    "serviceUniqueId": "arn:aws:cloudformation:us-east-1:677538000670:stack/nodejs-serverless-app-dev/a1f3f590-af02-11ef-a0cb-12dc5338b471",
    "serviceProviderAwsCfStackId": "arn:aws:cloudformation:us-east-1:677538000670:stack/nodejs-serverless-app-dev/a1f3f590-af02-11ef-a0cb-12dc5338b471",
    "serviceProviderAwsCfStackCreated": "2024-11-30T10:05:31.487Z",
    "serviceProviderAwsCfStackUpdated": "2024-11-30T10:16:04.657Z",
    "serviceProviderAwsCfStackStatus": "UPDATE_COMPLETE",
    "serviceProviderAwsCfStackOutputs": [
      {
        "OutputKey": "AppLambdaFunctionQualifiedArn",
        "OutputValue": "arn:aws:lambda:us-east-1:677538000670:function:nodejs-serverless-app-dev-app:2",
        "Description": "Current Lambda function version",
        "ExportName": "sls-nodejs-serverless-app-dev-AppLambdaFunctionQualifiedArn"
      },
      {
        "OutputKey": "ServiceEndpoint",
        "OutputValue": "https://r9x7kydwse.execute-api.us-east-1.amazonaws.com/dev",
        "Description": "URL of the service endpoint",
        "ExportName": "sls-nodejs-serverless-app-dev-ServiceEndpoint"
      },
      {
        "OutputKey": "ServerlessDeploymentBucketName",
        "OutputValue": "serverless-framework-deployments-us-east-1-aab6887b-7d21",
        "ExportName": "sls-nodejs-serverless-app-dev-ServerlessDeploymentBucketName"
      }
    ]
  }
}